Name,Address,City,State,Zip,ID
‭A.R. Morris‬,3848 Kennett Pike,Greenville,Delaware,19807,‭A.R.MORRIS‬3848KENNETTPIKEDELAWAREGREENVILLE19807
‭Adler's‬,722 Canal Street,New Orleans,Louisiana,70130,‭ADLER'S‬722CANALSTREETLOUISIANANEWORLEANS70130
‭Adler's‬,2937 Veteran's Memorial Boulevard,Metairie,Louisiana,70002,‭ADLER'S‬2937VETERAN'SMEMORIALBOULEVARDLOUISIANAMETAIRIE70002
‭Alexander's Jewelers‬,3701 Mall Drive,Texarkana,Texas,75501,‭ALEXANDER'SJEWELERS‬3701MALLDRIVETEXASTEXARKANA75501
‭Alson Jewelers‬,28149 Chagrin Blvd,Cleveland,Ohio,44122,‭ALSONJEWELERS‬28149CHAGRINBLVDOHIOCLEVELAND44122
‭Alter's Gem Jewelry‬,3155 Dowlen Road,Beaumont,Texas,77706,‭ALTER'SGEMJEWELRY‬3155DOWLENROADTEXASBEAUMONT77706
‭Alvin Goldfarb Jeweler‬,305 Bellevue Way N,EBellevue,Washington,98004,‭ALVINGOLDFARBJEWELER‬305BELLEVUEWAYNWASHINGTONEBELLEVUE98004
‭Anton's Fine Jewelry‬,10675 Coursey Boulevard,Baton Rouge,Louisiana,70816,‭ANTON'SFINEJEWELRY‬10675COURSEYBOULEVARDLOUISIANABATONROUGE70816
‭Aucoin-Hart Jewelers‬,1525 Metairie Road,Metairie,Louisiana,70005,‭AUCOIN-HARTJEWELERS‬1525METAIRIEROADLOUISIANAMETAIRIE70005
‭Azzi Jewelers‬,3007 East Saginaw Street,Lansing,Michigan,48912,‭AZZIJEWELERS‬3007EASTSAGINAWSTREETMICHIGANLANSING48912
‭B.C. Clark‬,5801 N,Oklahoma City,Oklahoma,73118,‭B.C.CLARK‬5801NOKLAHOMAOKLAHOMACITY73118
‭B.C. Clark‬,101 Park Avenue,Oklahoma City,Oklahoma,73102,‭B.C.CLARK‬101PARKAVENUEOKLAHOMAOKLAHOMACITY73102
‭Bachendorf's‬,8400 Preston Road,Dallas,Texas,75225,‭BACHENDORF'S‬8400PRESTONROADTEXASDALLAS75225
‭Bachendorf's‬,13350 Dallas Parkway,Dallas,Texas,75240,‭BACHENDORF'S‬13350DALLASPARKWAYTEXASDALLAS75240
‭Bachendorf's‬,5175 Monahans Avenue,Fort Worth,Texas,76109,‭BACHENDORF'S‬5175MONAHANSAVENUETEXASFORTWORTH76109
‭Ben Bridge Jeweler‬,1450 Ala Moana Boulevard,BHonolulu,Hawaii,96814,‭BENBRIDGEJEWELER‬1450ALAMOANABOULEVARDHAWAIIBHONOLULU96814
‭Ben Bridge Jeweler‬,1450 Ala Moana Boulevard,Honolulu,Hawaii,96814,‭BENBRIDGEJEWELER‬1450ALAMOANABOULEVARDHAWAIIHONOLULU96814
‭Ben Bridge Jeweler‬,305 Los Cerritos Center,Cerritos,California,90703,‭BENBRIDGEJEWELER‬305LOSCERRITOSCENTERCALIFORNIACERRITOS90703
‭Ben Bridge Jeweler‬,9518 S,Portland,Oregon,97223,‭BENBRIDGEJEWELER‬9518SOREGONPORTLAND97223
‭Ben Bridge Jeweler‬,8505 Park Meadows Center Drive,Lone Tree,Colorado,80124,‭BENBRIDGEJEWELER‬8505PARKMEADOWSCENTERDRIVECOLORADOLONETREE80124
‭Ben Bridge Jeweler‬,450 West Hillcrest Drive,Thousand Oaks,California,91360,‭BENBRIDGEJEWELER‬450WESTHILLCRESTDRIVECALIFORNIATHOUSANDOAKS91360
‭Ben Bridge Jeweler‬,3000 184th Street S,Lynnwood,Washington,98037,‭BENBRIDGEJEWELER‬3000184THSTREETSWASHINGTONLYNNWOOD98037
‭Ben Bridge Jeweler‬,2905 East Skyline Drive,Tucson,Arizona,85718,‭BENBRIDGEJEWELER‬2905EASTSKYLINEDRIVEARIZONATUCSON85718
‭Ben Bridge Jeweler‬,801 S,Portland,Oregon,97204,‭BENBRIDGEJEWELER‬801SOREGONPORTLAND97204
‭Ben Bridge Jeweler‬,11601 Century Oaks Terrace,Austin,Texas,78758,‭BENBRIDGEJEWELER‬11601CENTURYOAKSTERRACETEXASAUSTIN78758
‭Ben Bridge Jeweler‬,3104 Seward Highway,Anchorage,Alaska,99503,‭BENBRIDGEJEWELER‬3104SEWARDHIGHWAYALASKAANCHORAGE99503
‭Ben Bridge Jeweler‬,1236 Tyler Street,Riverside,California,92503,‭BENBRIDGEJEWELER‬1236TYLERSTREETCALIFORNIARIVERSIDE92503
‭Ben Bridge Jeweler‬,136 West Market,Bloomington,Minnesota,55425,‭BENBRIDGEJEWELER‬136WESTMARKETMINNESOTABLOOMINGTON55425
‭Ben Bridge Jeweler‬,21540 Hawthorne Boulevard,BTorrance,California,90503,‭BENBRIDGEJEWELER‬21540HAWTHORNEBOULEVARDCALIFORNIABTORRANCE90503
‭Ben Bridge Jeweler‬,81 Westfield Southcenter,Tukwila,Washington,98188,‭BENBRIDGEJEWELER‬81WESTFIELDSOUTHCENTERWASHINGTONTUKWILA98188
‭Ben Bridge Jeweler‬,6600 Topanga Canyon Boulevard,ACanoga Park,California,91303,‭BENBRIDGEJEWELER‬6600TOPANGACANYONBOULEVARDCALIFORNIAACANOGAPARK91303
‭Ben Bridge Jeweler‬,1330 5th Avenue,Seattle,Washington,98101,‭BENBRIDGEJEWELER‬13305THAVENUEWASHINGTONSEATTLE98101
‭Ben Bridge Jeweler‬,4505 La Jolla Village Drive,San Diego,California,92122,‭BENBRIDGEJEWELER‬4505LAJOLLAVILLAGEDRIVECALIFORNIASANDIEGO92122
‭Ben Bridge Jeweler‬,143 Bellevue Square,Bellevue,Washington,98004,‭BENBRIDGEJEWELER‬143BELLEVUESQUAREWASHINGTONBELLEVUE98004
‭Benari Jewelers‬,3606 West Chester Pike,Newtown Square,Pennsylvania,19073,‭BENARIJEWELERS‬3606WESTCHESTERPIKEPENNSYLVANIANEWTOWNSQUARE19073
‭Benari Jewelers‬,299 Main Street,Exton,Pennsylvania,19341,‭BENARIJEWELERS‬299MAINSTREETPENNSYLVANIAEXTON19341
‭Bernie Robbins Jewelers‬,200 North Sycamore Street,Newtown,Pennsylvania,18940,‭BERNIEROBBINSJEWELERS‬200NORTHSYCAMORESTREETPENNSYLVANIANEWTOWN18940
‭Bernie Robbins Jewelers‬,507 New Road,Somers Point,New Jersey,08244,‭BERNIEROBBINSJEWELERS‬507NEWROADNEWJERSEYSOMERSPOINT08244
‭Bernie Robbins Jewelers‬,500 Route 73 South,Marlton,New Jersey,08053,‭BERNIEROBBINSJEWELERS‬500ROUTE73SOUTHNEWJERSEYMARLTON08053
‭Bernie Robbins Jewelers‬,775 East Lancaster Avenue,Villanova,Pennsylvania,19085,‭BERNIEROBBINSJEWELERS‬775EASTLANCASTERAVENUEPENNSYLVANIAVILLANOVA19085
‭Betteridge Jewelers‬,239 Greenwich Avenue,Greenwich,Connecticut,06830,‭BETTERIDGEJEWELERS‬239GREENWICHAVENUECONNECTICUTGREENWICH06830
‭Betteridge Jewelers‬,141 East Meadow Drive,Vail,Colorado,81657,‭BETTERIDGEJEWELERS‬141EASTMEADOWDRIVECOLORADOVAIL81657
‭Bhindi Jewelers‬,2213 Galleria Way,Glendale,California,91210,‭BHINDIJEWELERS‬2213GALLERIAWAYCALIFORNIAGLENDALE91210
‭Bhindi Jewelers‬,18508 Pioneer Boulevard,Artesia,California,90701,‭BHINDIJEWELERS‬18508PIONEERBOULEVARDCALIFORNIAARTESIA90701
‭Bigham Jewelers‬,2425 Tamiami Trail North,Naples,Florida,34103,‭BIGHAMJEWELERS‬2425TAMIAMITRAILNORTHFLORIDANAPLES34103
‭Blakeman's Fine Jewelry‬,3202 Pinnacle Hills Parkway,Rogers,Arkansas,72758,‭BLAKEMAN'SFINEJEWELRY‬3202PINNACLEHILLSPARKWAYARKANSASROGERS72758
‭Bob Richards Jewelers‬,1696 South Germantown Road,Germantown,Tennessee,38138,‭BOBRICHARDSJEWELERS‬1696SOUTHGERMANTOWNROADTENNESSEEGERMANTOWN38138
‭Brinker's Jewelers‬,111 South Green River Road,Evansville,Indiana,47715,‭BRINKER'SJEWELERS‬111SOUTHGREENRIVERROADINDIANAEVANSVILLE47715
‭Brockhaus Jewelry‬,2107 West Main,Norman,Oklahoma,73069,‭BROCKHAUSJEWELRY‬2107WESTMAINOKLAHOMANORMAN73069
‭Bromberg & Company‬,131 Summit Boulevard,Birmingham,Alabama,35243,‭BROMBERG&COMPANY‬131SUMMITBOULEVARDALABAMABIRMINGHAM35243
‭Bromberg & Company‬,2800 Cahaba Road,Mountain Brook,Alabama,35223,‭BROMBERG&COMPANY‬2800CAHABAROADALABAMAMOUNTAINBROOK35223
‭Brown & Company Jewelers‬,674 Holcomb Bridge Road,Roswell,Georgia,30076,‭BROWN&COMPANYJEWELERS‬674HOLCOMBBRIDGEROADGEORGIAROSWELL30076
‭Brown & Company‬,3225 Peachtree Road N,EAtlanta,Georgia,30305,‭BROWN&COMPANY‬3225PEACHTREEROADNGEORGIAEATLANTA30305
‭Bruce G. Weber Precious Jewels‬,1523 East 15th Street,Tulsa,Oklahoma,74120,‭BRUCEG.WEBERPRECIOUSJEWELS‬1523EAST15THSTREETOKLAHOMATULSA74120
‭C.D. Peacock‬,4999 Old Orchard Road,Skokie,Illinois,60077,‭C.D.PEACOCK‬4999OLDORCHARDROADILLINOISSKOKIE60077
‭C.D. Peacock‬,E-140 Woodfield Mall,Schaumburg,Illinois,60173,‭C.D.PEACOCK‬E-140WOODFIELDMALLILLINOISSCHAUMBURG60173
‭C.D. Peacock‬,172 Oakbrook Center,Oak Brook,Illinois,60523,‭C.D.PEACOCK‬172OAKBROOKCENTERILLINOISOAKBROOK60523
‭Christopher's Fine Jewelry‬,11412 Ocean Highway,Pawleys Island,South Carolina,29585,‭CHRISTOPHER'SFINEJEWELRY‬11412OCEANHIGHWAYSOUTHCAROLINAPAWLEYSISLAND29585
‭Clarkes Jewelers‬,4847 Line Avenue,Shreveport,Louisiana,71106,‭CLARKESJEWELERS‬4847LINEAVENUELOUISIANASHREVEPORT71106
‭Clarkson Jewelers‬,1306 Clarkson Clayton Center,Ellisville,Missouri,63011,‭CLARKSONJEWELERS‬1306CLARKSONCLAYTONCENTERMISSOURIELLISVILLE63011
‭Coffin & Trout Jewelers‬,7131 West Ray Road,Chandler,Arizona,85226,‭COFFIN&TROUTJEWELERS‬7131WESTRAYROADARIZONACHANDLER85226
‭Cristiani's Jewelers‬,203 West Wall,Midland,Texas,79701,‭CRISTIANI'SJEWELERS‬203WESTWALLTEXASMIDLAND79701
‭Crown Jewelers‬,200 Williams Street,Fredericksburg,Virginia,22401,‭CROWNJEWELERS‬200WILLIAMSSTREETVIRGINIAFREDERICKSBURG22401
‭Date & Time‬,5 Concord Road,Sudbury,Massachusetts,01776,‭DATE&TIME‬5CONCORDROADMASSACHUSETTSSUDBURY01776
‭David Fairclough Fine Jewelers‬,7141 West Central Avenue,Toledo,Ohio,43617,‭DAVIDFAIRCLOUGHFINEJEWELERS‬7141WESTCENTRALAVENUEOHIOTOLEDO43617
‭David Gardner's‬,911 University Drive East,College Station,Texas,77840,‭DAVIDGARDNER'S‬911UNIVERSITYDRIVEEASTTEXASCOLLEGESTATION77840
‭Davidson & Licht‬,1329 North Main Street,Walnut Creek,California,94596,‭DAVIDSON&LICHT‬1329NORTHMAINSTREETCALIFORNIAWALNUTCREEK94596
‭Davis Jewelers‬,9901 Forest Green Boulevard,Louisville,Kentucky,40223,‭DAVISJEWELERS‬9901FORESTGREENBOULEVARDKENTUCKYLOUISVILLE40223
‭De Vons Jewelers‬,1151 Galleria Blvd,Roseville,California,95678,‭DEVONSJEWELERS‬1151GALLERIABLVDCALIFORNIAROSEVILLE95678
‭De Vons Jewelers‬,13981 South Virginia Street #402,AReno,Nevada,89511,‭DEVONSJEWELERS‬13981SOUTHVIRGINIASTREET#402NEVADAARENO89511
‭De Vons Jewelers‬,220 Lincoln Center,Stockton,California,95207,‭DEVONSJEWELERS‬220LINCOLNCENTERCALIFORNIASTOCKTON95207
‭Deutsch & Deutsch‬,6007 N,Victoria,Texas,77904,‭DEUTSCH&DEUTSCH‬6007NTEXASVICTORIA77904
‭Deutsch & Deutsch‬,8889 Gateway Boulevard West,El Paso,Texas,79925,‭DEUTSCH&DEUTSCH‬8889GATEWAYBOULEVARDWESTTEXASELPASO79925
‭Deutsch Jewelers Houston‬,3747 Westheimer Road,Houston,Texas,77027,‭DEUTSCHJEWELERSHOUSTON‬3747WESTHEIMERROADTEXASHOUSTON77027
‭Deutsch of Laredo‬,5300 San Dario Avenue,Laredo,Texas,78041,‭DEUTSCHOFLAREDO‬5300SANDARIOAVENUETEXASLAREDO78041
‭Deutsch of McAllen‬,2109 South 10th Street,Mc Allen,Texas,78503,‭DEUTSCHOFMCALLEN‬2109SOUTH10THSTREETTEXASMCALLEN78503
‭Drenon Jewelry Company‬,3727 South Bolger Road,Independence,Missouri,64055,‭DRENONJEWELRYCOMPANY‬3727SOUTHBOLGERROADMISSOURIINDEPENDENCE64055
‭Eiseman Jewels‬,8687 North Central Expressway,Dallas,Texas,75225,‭EISEMANJEWELS‬8687NORTHCENTRALEXPRESSWAYTEXASDALLAS75225
‭Exclusively Diamonds‬,1601 Adams Street,Mankato,Minnesota,56001,‭EXCLUSIVELYDIAMONDS‬1601ADAMSSTREETMINNESOTAMANKATO56001
‭Fakier Jewelers‬,7947 Main Street,Houma,Louisiana,70360,‭FAKIERJEWELERS‬7947MAINSTREETLOUISIANAHOUMA70360
‭Fink's Jewelers‬,1612 Laskin Road,Virginia Beach,Virginia,23451,‭FINK'SJEWELERS‬1612LASKINROADVIRGINIAVIRGINIABEACH23451
‭Fink's Jewelers‬,3545 Electric Roadat Colonial Avenue,Roanoke,Virginia,24018,‭FINK'SJEWELERS‬3545ELECTRICROADATCOLONIALAVENUEVIRGINIAROANOKE24018
‭Fink's Jewelers‬,1950 Gunbarrel Road,Chattanooga,Tennessee,37421,‭FINK'SJEWELERS‬1950GUNBARRELROADTENNESSEECHATTANOOGA37421
‭Fink's Jewelers‬,4321 Lassiter at North Hills,Raleigh,North Carolina,27609,‭FINK'SJEWELERS‬4321LASSITERATNORTHHILLSNORTHCAROLINARALEIGH27609
‭Fink's Jewelers‬,4400 Sharon Road,Charlotte,North Carolina,28211,‭FINK'SJEWELERS‬4400SHARONROADNORTHCAROLINACHARLOTTE28211
‭Fink's Jewelers‬,16745 Birkdale Commons Parkway,Huntersville,North Carolina,28078,‭FINK'SJEWELERS‬16745BIRKDALECOMMONSPARKWAYNORTHCAROLINAHUNTERSVILLE28078
‭Fink's Jewelers‬,6910 Fayetteville Road,Durham,North Carolina,27713,‭FINK'SJEWELERS‬6910FAYETTEVILLEROADNORTHCAROLINADURHAM27713
‭Fink's Jewelers‬,1025 Emmet Street North,Charlottesville,Virginia,22903,‭FINK'SJEWELERS‬1025EMMETSTREETNORTHVIRGINIACHARLOTTESVILLE22903
‭Fink's Jewelers‬,11800 West Broad Street,Richmond,Virginia,23233,‭FINK'SJEWELERS‬11800WESTBROADSTREETVIRGINIARICHMOND23233
‭Flora Gems‬,101 North Water Street,Decatur,Illinois,62523,‭FLORAGEMS‬101NORTHWATERSTREETILLINOISDECATUR62523
‭Floyd & Green‬,515 Silver Bluff Road,Aiken,South Carolina,29803,‭FLOYD&GREEN‬515SILVERBLUFFROADSOUTHCAROLINAAIKEN29803
‭Fourtané‬, Ocean Avenue at Lincoln Street,Carmel By The Sea,California,93921,‭FOURTANÉ‬OCEANAVENUEATLINCOLNSTREETCALIFORNIACARMELBYTHESEA93921
‭Foxwoods Resort Casino‬, P.O. Box 3777,Mashantucket,Connecticut,06338,‭FOXWOODSRESORTCASINO‬P.O.BOX3777CONNECTICUTMASHANTUCKET06338
‭Frank Adams Jewelers‬,1475 Western Avenue,Albany,New York,12203,‭FRANKADAMSJEWELERS‬1475WESTERNAVENUENEWYORKALBANY12203
‭Fredric H. Rubel Jewelers‬,246 Forest Avenue,Laguna Beach,California,92651,‭FREDRICH.RUBELJEWELERS‬246FORESTAVENUECALIFORNIALAGUNABEACH92651
‭Gearys Beverly Hills‬,351 North Beverly Drive,Beverly Hills,California,90210,‭GEARYSBEVERLYHILLS‬351NORTHBEVERLYDRIVECALIFORNIABEVERLYHILLS90210
‭Gerald Peters‬,2655 Richmond Avenue,Staten Island,New York,10314,‭GERALDPETERS‬2655RICHMONDAVENUENEWYORKSTATENISLAND10314
‭Goldsmith Gallery Jewelers‬,903 Shiloh Crossing Blvd.Billings Montana 59102,903 Shiloh Crossing Blvd.Billings,Montana,59102,‭GOLDSMITHGALLERYJEWELERS‬903SHILOHCROSSINGBLVD.BILLINGSMONTANA59102MONTANA903SHILOHCROSSINGBLVD.BILLINGS59102
‭Goldstein Swank & Gordon‬,601 Donald Lynch Boulevard,Marlborough,Massachusetts,01752,‭GOLDSTEINSWANK&GORDON‬601DONALDLYNCHBOULEVARDMASSACHUSETTSMARLBOROUGH01752
‭Govberg Jewelers‬,1529 Walnut Street,Philadelphia,Pennsylvania,19102,‭GOVBERGJEWELERS‬1529WALNUTSTREETPENNSYLVANIAPHILADELPHIA19102
‭Govindji's‬,245 North Central Expressway,Richardson,Texas,75080,‭GOVINDJI'S‬245NORTHCENTRALEXPRESSWAYTEXASRICHARDSON75080
‭Gruno's Diamonds‬,7311 West Towne Way,Madison,Wisconsin,53719,‭GRUNO'SDIAMONDS‬7311WESTTOWNEWAYWISCONSINMADISON53719
‭Gruno's Diamonds‬,801 North Perryville Road,Rockford,Illinois,61107,‭GRUNO'SDIAMONDS‬801NORTHPERRYVILLEROADILLINOISROCKFORD61107
‭Gunderson's Jewelers‬,5601 28th Avenue South,Fargo,North Dakota,58104,‭GUNDERSON'SJEWELERS‬560128THAVENUESOUTHNORTHDAKOTAFARGO58104
‭Gunderson's Jewelers‬,4830 Sergeant Rd,Sioux City,Iowa,51106,‭GUNDERSON'SJEWELERS‬4830SERGEANTRDIOWASIOUXCITY51106
‭Gunderson's Jewelers‬,17255 Davenport Street,Omaha,Nebraska,68118,‭GUNDERSON'SJEWELERS‬17255DAVENPORTSTREETNEBRASKAOMAHA68118
‭H. L. Gross & Bro.‬,840 Franklin Avenue,Garden City,New York,11530,‭H.L.GROSS&BRO.‬840FRANKLINAVENUENEWYORKGARDENCITY11530
‭Hal Davis Jewelers‬,921 West Jefferson Street,Boise,Idaho,83702,‭HALDAVISJEWELERS‬921WESTJEFFERSONSTREETIDAHOBOISE83702
‭Hale's Jewelers‬,761 Verdae Boulevard,Greenville,South Carolina,29607,‭HALE'SJEWELERS‬761VERDAEBOULEVARDSOUTHCAROLINAGREENVILLE29607
‭Haltom's Jewelers‬,317 Main Street,Fort Worth,Texas,76102,‭HALTOM'SJEWELERS‬317MAINSTREETTEXASFORTWORTH76102
‭Haltom's Jewelers‬,6102 Camp Bowie Boulevard,Fort Worth,Texas,76116,‭HALTOM'SJEWELERS‬6102CAMPBOWIEBOULEVARDTEXASFORTWORTH76116
‭Hamilton Jewelers‬,92 Nassau Street,Princeton,New Jersey,08542,‭HAMILTONJEWELERS‬92NASSAUSTREETNEWJERSEYPRINCETON08542
‭Hamilton Jewelers‬,3101 P,Palm Beach Gardens,Florida,33410,‭HAMILTONJEWELERS‬3101PFLORIDAPALMBEACHGARDENS33410
‭Hamra Jewelers‬,15435 North Scottsdale Road,Scottsdale,Arizona,85254,‭HAMRAJEWELERS‬15435NORTHSCOTTSDALEROADARIZONASCOTTSDALE85254
‭Harold Freeman Jewelers‬,100 Indian Rocks Road N.Belleair Bluffs Florida 33770,100 Indian Rocks Road N.Belleair Bluffs,Florida,33770,‭HAROLDFREEMANJEWELERS‬100INDIANROCKSROADN.BELLEAIRBLUFFSFLORIDA33770FLORIDA100INDIANROCKSROADN.BELLEAIRBLUFFS33770
‭Hartgers Jewelers‬,699 Wyckoff Avenue,Wyckoff,New Jersey,07481,‭HARTGERSJEWELERS‬699WYCKOFFAVENUENEWJERSEYWYCKOFF07481
‭Heller Jewelers‬,6000 Bollinger Canyon Road,San Ramon,California,94583,‭HELLERJEWELERS‬6000BOLLINGERCANYONROADCALIFORNIASANRAMON94583
‭Henne Jewelers‬,5501 Walnut Street,Pittsburgh,Pennsylvania,15232,‭HENNEJEWELERS‬5501WALNUTSTREETPENNSYLVANIAPITTSBURGH15232
‭Henry Wilson Jewelers‬,5795 Bridge Street,East Syracuse,New York,13057,‭HENRYWILSONJEWELERS‬5795BRIDGESTREETNEWYORKEASTSYRACUSE13057
‭Hing Wa Lee Jewelers‬,1635 South Del Mar Avenue,San Gabriel,California,91776,‭HINGWALEEJEWELERS‬1635SOUTHDELMARAVENUECALIFORNIASANGABRIEL91776
‭Hing Wa Lee Jewelers‬,1569 South Fairway Drive Suite #128,Walnut,California,91789,‭HINGWALEEJEWELERS‬1569SOUTHFAIRWAYDRIVESUITE#128CALIFORNIAWALNUT91789
‭Hyde Park Jewelers‬,3000 East 1st Avenue,Denver,Colorado,80206,‭HYDEPARKJEWELERS‬3000EAST1STAVENUECOLORADODENVER80206
‭Hyde Park Jewelers‬,817 Newport Center Drive,Newport Beach,California,92660,‭HYDEPARKJEWELERS‬817NEWPORTCENTERDRIVECALIFORNIANEWPORTBEACH92660
‭Hyde Park Jewelers‬,7014 East Camelback Road,Scottsdale,Arizona,85251,‭HYDEPARKJEWELERS‬7014EASTCAMELBACKROADARIZONASCOTTSDALE85251
‭I.W. Marks‬,3841 Bellaire Boulevard,Houston,Texas,77025,‭I.W.MARKS‬3841BELLAIREBOULEVARDTEXASHOUSTON77025
‭J.M. Edwards Fine Jewelry‬,1137 Kildaire Farm Road,Cary,North Carolina,27511,‭J.M.EDWARDSFINEJEWELRY‬1137KILDAIREFARMROADNORTHCAROLINACARY27511
‭J.R. Dunn Jewelers‬,4210 North Federal Highway,Lighthouse Point,Florida,33064,‭J.R.DUNNJEWELERS‬4210NORTHFEDERALHIGHWAYFLORIDALIGHTHOUSEPOINT33064
‭Jack Lewis Jewelers‬,1704 Eastland Drive,Bloomington,Illinois,61704,‭JACKLEWISJEWELERS‬1704EASTLANDDRIVEILLINOISBLOOMINGTON61704
‭Jackson Jewelers‬,225 Liberty Street N,ESalem,Oregon,97301,‭JACKSONJEWELERS‬225LIBERTYSTREETNOREGONESALEM97301
‭James & Sons‬,15234 South La,Orland Park,Illinois,60462,‭JAMES&SONS‬15234SOUTHLAILLINOISORLANDPARK60462
‭James & Williams‬,7020 West Cermak Road,Berwyn,Illinois,60402,‭JAMES&WILLIAMS‬7020WESTCERMAKROADILLINOISBERWYN60402
‭James Free Jewelers‬,3100 Far Hills Avenue,Dayton,Ohio,45429,‭JAMESFREEJEWELERS‬3100FARHILLSAVENUEOHIODAYTON45429
‭Jewelers Trade Shop‬,26 Palafox Place,Pensacola,Florida,32502,‭JEWELERSTRADESHOP‬26PALAFOXPLACEFLORIDAPENSACOLA32502
‭Josephs Jewelers‬,5425 Mills Civic Parkway,West Des Moines,Iowa,50266,‭JOSEPHSJEWELERS‬5425MILLSCIVICPARKWAYIOWAWESTDESMOINES50266
‭Juhas & Sullivan‬,1100 East Paris Avenue S,Grand Rapids,Michigan,49546,‭JUHAS&SULLIVAN‬1100EASTPARISAVENUESMICHIGANGRANDRAPIDS49546
‭Kelley Jewelers‬,107 West Main Street,Weatherford,Oklahoma,73096,‭KELLEYJEWELERS‬107WESTMAINSTREETOKLAHOMAWEATHERFORD73096
‭Kempf Jewelers‬,336 Fifth Avenue,Indialantic,Florida,32903,‭KEMPFJEWELERS‬336FIFTHAVENUEFLORIDAINDIALANTIC32903
‭Kerns Fine Jewelry‬,214 Lorton Avenue,Burlingame,California,94010,‭KERNSFINEJEWELRY‬214LORTONAVENUECALIFORNIABURLINGAME94010
‭Kiefer Jewelers‬,24144 State Road 54,Lutz,Florida,33559,‭KIEFERJEWELERS‬24144STATEROAD54FLORIDALUTZ33559
‭Kimball's Jewelers‬,6464 Kingston Pike,Knoxville,Tennessee,37919,‭KIMBALL'SJEWELERS‬6464KINGSTONPIKETENNESSEEKNOXVILLE37919
‭Kirk Jewelers‬,701 South Miami Ave,Miami,Florida,33131,‭KIRKJEWELERS‬701SOUTHMIAMIAVEFLORIDAMIAMI33131
‭Korman Fine Jewelry‬,5011 Burnet Road,Austin,Texas,78756,‭KORMANFINEJEWELRY‬5011BURNETROADTEXASAUSTIN78756
‭Kranich's Jewelers‬,515 East Plank Road,Altoona,Pennsylvania,16602,‭KRANICH'SJEWELERS‬515EASTPLANKROADPENNSYLVANIAALTOONA16602
‭Kranich's Jewelers‬,2020 North Atherton Street,State College,Pennsylvania,16803,‭KRANICH'SJEWELERS‬2020NORTHATHERTONSTREETPENNSYLVANIASTATECOLLEGE16803
‭Kravit Jewelers‬,3187 Long Beach Road,Oceanside,New York,11572,‭KRAVITJEWELERS‬3187LONGBEACHROADNEWYORKOCEANSIDE11572
‭Lasker Jewelers‬,101 First Street S,WRochester,Minnesota,55902,‭LASKERJEWELERS‬101FIRSTSTREETSMINNESOTAWROCHESTER55902
‭Lee Michaels Fine Jewelry‬,940 Highland Colony Parkway,Ridgeland,Mississippi,39157,‭LEEMICHAELSFINEJEWELRY‬940HIGHLANDCOLONYPARKWAYMISSISSIPPIRIDGELAND39157
‭Lee Michaels Fine Jewelry‬,15900 La Cantera Pkwy,San Antonio,Texas,78256,‭LEEMICHAELSFINEJEWELRY‬15900LACANTERAPKWYTEXASSANANTONIO78256
‭Lee Michaels Fine Jewelry‬,7400 San Pedro Avenue,San Antonio,Texas,78216,‭LEEMICHAELSFINEJEWELRY‬7400SANPEDROAVENUETEXASSANANTONIO78216
‭Lee Michaels Fine Jewelry‬,2201 A,FAlbuquerque,New Mexico,87110,‭LEEMICHAELSFINEJEWELRY‬2201ANEWMEXICOFALBUQUERQUE87110
‭Lee Michaels Fine Jewelry‬,6605 Youree Drive,Shreveport,Louisiana,71105,‭LEEMICHAELSFINEJEWELRY‬6605YOUREEDRIVELOUISIANASHREVEPORT71105
‭Lee Michaels Fine Jewelry‬,4235 Ambassador Caffery Parkway,Lafayette,Louisiana,70508,‭LEEMICHAELSFINEJEWELRY‬4235AMBASSADORCAFFERYPARKWAYLOUISIANALAFAYETTE70508
‭Lee Michaels Fine Jewelry‬,7560 Corporate Boulevard,Baton Rouge,Louisiana,70809,‭LEEMICHAELSFINEJEWELRY‬7560CORPORATEBOULEVARDLOUISIANABATONROUGE70809
‭Lee Michaels Fine Jewelry‬,3301 Veterans Boulevard,BMetairie,Louisiana,70002,‭LEEMICHAELSFINEJEWELRY‬3301VETERANSBOULEVARDLOUISIANABMETAIRIE70002
‭Lee Perla Jewelers‬,193,Hackensack,New Jersey,07601,‭LEEPERLAJEWELERS‬193NEWJERSEYHACKENSACK07601
‭Leeds & Son‬,73-670 El Paseo,Palm Desert,California,92260,‭LEEDS&SON‬73-670ELPASEOCALIFORNIAPALMDESERT92260
‭Lenkersdorfer‬,8053 Tysons Corner Center,Mc Lean,Virginia,22102,‭LENKERSDORFER‬8053TYSONSCORNERCENTERVIRGINIAMCLEAN22102
‭Lenox Jewelers‬,2500 Black Rock Turnpike,Fairfield,Connecticut,06825,‭LENOXJEWELERS‬2500BLACKROCKTURNPIKECONNECTICUTFAIRFIELD06825
‭Leonardo Jewelers‬,35 East Front Street,Red Bank,New Jersey,07701,‭LEONARDOJEWELERS‬35EASTFRONTSTREETNEWJERSEYREDBANK07701
‭Leonardo Jewelers‬,665 Middlesex Avenue,Metuchen,New Jersey,08840,‭LEONARDOJEWELERS‬665MIDDLESEXAVENUENEWJERSEYMETUCHEN08840
‭Lewis Jewelers‬,19335 Gulf Freeway,Houston,Texas,77598,‭LEWISJEWELERS‬19335GULFFREEWAYTEXASHOUSTON77598
‭Liljenquist & Beckstead‬,8075 Leesburg Pike,Vienna,Virginia,22182,‭LILJENQUIST&BECKSTEAD‬8075LEESBURGPIKEVIRGINIAVIENNA22182
‭Liljenquist & Beckstead‬,7101 Democracy Boulevard,Bethesda,Maryland,20817,‭LILJENQUIST&BECKSTEAD‬7101DEMOCRACYBOULEVARDMARYLANDBETHESDA20817
‭Liljenquist & Beckstead‬,2001 International Drive,MMc Lean,Virginia,22102,‭LILJENQUIST&BECKSTEAD‬2001INTERNATIONALDRIVEVIRGINIAMMCLEAN22102
‭London Jewelers‬,2046 Northern Boulevard,Manhasset,New York,11030,‭LONDONJEWELERS‬2046NORTHERNBOULEVARDNEWYORKMANHASSET11030
‭London Jewelers‬,2 Main Street,East Hampton,New York,11937,‭LONDONJEWELERS‬2MAINSTREETNEWYORKEASTHAMPTON11937
‭London Jewelers‬,47 Main Street,Southampton,New York,11968,‭LONDONJEWELERS‬47MAINSTREETNEWYORKSOUTHAMPTON11968
‭London Jewelers‬,185 Greenwich Street,New York,New York,10007,‭LONDONJEWELERS‬185GREENWICHSTREETNEWYORKNEWYORK10007
‭Long's Jewelers‬,60,Burlington,Massachusetts,01803,‭LONG'SJEWELERS‬60MASSACHUSETTSBURLINGTON01803
‭Long's Jewelers‬,250 Granite Street,Braintree,Massachusetts,02184,‭LONG'SJEWELERS‬250GRANITESTREETMASSACHUSETTSBRAINTREE02184
‭Long's Jewelers‬,35 Cross Street,Peabody,Massachusetts,01960,‭LONG'SJEWELERS‬35CROSSSTREETMASSACHUSETTSPEABODY01960
‭Long's Jewelers‬,323 Daniel Webster Highway,Nashua,New Hampshire,03060,‭LONG'SJEWELERS‬323DANIELWEBSTERHIGHWAYNEWHAMPSHIRENASHUA03060
‭Lorilil Jewelers‬,1500 Main Street,Springfield,Massachusetts,01115,‭LORILILJEWELERS‬1500MAINSTREETMASSACHUSETTSSPRINGFIELD01115
‭Lorilil Jewelers‬,107-34 71st Avenue,Forest Hills,New York,11375,‭LORILILJEWELERS‬107-3471STAVENUENEWYORKFORESTHILLS11375
‭Loring & Company‬,800 Airport Road,Huntsville,Alabama,35802,‭LORING&COMPANY‬800AIRPORTROADALABAMAHUNTSVILLE35802
‭Louis Anthony Jewelers‬,1775 North Highland Road,Pittsburgh,Pennsylvania,15241,‭LOUISANTHONYJEWELERS‬1775NORTHHIGHLANDROADPENNSYLVANIAPITTSBURGH15241
‭Lucido Fine Jewelry of Rochester‬,312 South Main Street,Rochester,Michigan,48307,‭LUCIDOFINEJEWELRYOFROCHESTER‬312SOUTHMAINSTREETMICHIGANROCHESTER48307
‭Lucido Fine Jewelry‬,250 North Old Woodward Avenue,Birmingham,Michigan,48009,‭LUCIDOFINEJEWELRY‬250NORTHOLDWOODWARDAVENUEMICHIGANBIRMINGHAM48009
‭Lucido Fine Jewelry‬,42825 Schoenherr Road,Sterling Heights,Michigan,48313,‭LUCIDOFINEJEWELRY‬42825SCHOENHERRROADMICHIGANSTERLINGHEIGHTS48313
‭Lux Bond & Green‬,1 One Mohegan Sun Boulevard,Uncasville,Connecticut,06382,‭LUXBOND&GREEN‬1ONEMOHEGANSUNBOULEVARDCONNECTICUTUNCASVILLE06382
‭Lux Bond & Green‬,136 Main Street,Westport,Connecticut,06880,‭LUXBOND&GREEN‬136MAINSTREETCONNECTICUTWESTPORT06880
‭Lux Bond & Green‬,60 Central Street,Wellesley,Massachusetts,02482,‭LUXBOND&GREEN‬60CENTRALSTREETMASSACHUSETTSWELLESLEY02482
‭Lux Bond & Green‬,140 Glastonbury Boulevard,Glastonbury,Connecticut,06033,‭LUXBOND&GREEN‬140GLASTONBURYBOULEVARDCONNECTICUTGLASTONBURY06033
‭Lux Bond & Green‬,46 La,West Hartford,Connecticut,06107,‭LUXBOND&GREEN‬46LACONNECTICUTWESTHARTFORD06107
‭M.P. Demetre Jewelers‬,253 King Street,Charleston,South Carolina,29401,‭M.P.DEMETREJEWELERS‬253KINGSTREETSOUTHCAROLINACHARLESTON29401
‭Manfredi‬,72 Elm Street,New Canaan,Connecticut,06840,‭MANFREDI‬72ELMSTREETCONNECTICUTNEWCANAAN06840
‭Martin Binder Jeweler‬,650 West Morthland Drive,Valparaiso,Indiana,46385,‭MARTINBINDERJEWELER‬650WESTMORTHLANDDRIVEINDIANAVALPARAISO46385
‭Martin Jewelers‬,12 North Avenue West,Cranford,New Jersey,07016,‭MARTINJEWELERS‬12NORTHAVENUEWESTNEWJERSEYCRANFORD07016
‭Maxon Fine Jewelry‬,2850 East Battlefield,Springfield,Missouri,65804,‭MAXONFINEJEWELRY‬2850EASTBATTLEFIELDMISSOURISPRINGFIELD65804
‭Mayors Jewelers‬,4200 Conroy Road,Orlando,Florida,32809,‭MAYORSJEWELERS‬4200CONROYROADFLORIDAORLANDO32809
‭Mayors Jewelers‬,2472 East Sunrise Boulevard,Ft. Lauderdale,Florida,33304,‭MAYORSJEWELERS‬2472EASTSUNRISEBOULEVARDFLORIDAFT.LAUDERDALE33304
‭Mayors Jewelers‬,140 University Town Center Drive,Sarasota,Florida,34243,‭MAYORSJEWELERS‬140UNIVERSITYTOWNCENTERDRIVEFLORIDASARASOTA34243
‭Mayors Jewelers‬,342 San Lorenzo Ave.Village of Merrick Park,Coral Gables,Florida,33146,‭MAYORSJEWELERS‬342SANLORENZOAVE.VILLAGEOFMERRICKPARKFLORIDACORALGABLES33146
‭Mayors Jewelers‬,19575 Biscayne Blvd,Aventura,Florida,33180,‭MAYORSJEWELERS‬19575BISCAYNEBLVDFLORIDAAVENTURA33180
‭Mayors Jewelers‬,5155 Avalon Boulevard,Alpharetta,Georgia,30009,‭MAYORSJEWELERS‬5155AVALONBOULEVARDGEORGIAALPHARETTA30009
‭Mayors Jewelers‬,7535 North Kendall Drive,Miami,Florida,33156,‭MAYORSJEWELERS‬7535NORTHKENDALLDRIVEFLORIDAMIAMI33156
‭Mayors Jewelers‬,1455 N,Miami,Florida,33172,‭MAYORSJEWELERS‬1455NFLORIDAMIAMI33172
‭Mayors Jewelers‬,6000 Glades Road,Boca Raton,Florida,33431,‭MAYORSJEWELERS‬6000GLADESROADFLORIDABOCARATON33431
‭Mayors Jewelers‬,2223 North Westshore Blvd,Tampa,Florida,33607,‭MAYORSJEWELERS‬2223NORTHWESTSHOREBLVDFLORIDATAMPA33607
‭Mayors Jewelers‬,4834 River City Drive,Jacksonville,Florida,32246,‭MAYORSJEWELERS‬4834RIVERCITYDRIVEFLORIDAJACKSONVILLE32246
‭Mayors Jewelers‬,3393 Peachtree Road N,BAtlanta,Georgia,30326,‭MAYORSJEWELERS‬3393PEACHTREEROADNGEORGIABATLANTA30326
‭McCaskill & Company Fine Jewelry‬,13390 Highway 98 West,Miramar Beach,Florida,32550,‭MCCASKILL&COMPANYFINEJEWELRY‬13390HIGHWAY98WESTFLORIDAMIRAMARBEACH32550
‭Medawar Fine Jewelry‬,3093 South Linden Road,Flint,Michigan,48507,‭MEDAWARFINEJEWELRY‬3093SOUTHLINDENROADMICHIGANFLINT48507
‭Meierotto Jewelers‬,1900 Diamond Parkway,North Kansas City,Missouri,64116,‭MEIEROTTOJEWELERS‬1900DIAMONDPARKWAYMISSOURINORTHKANSASCITY64116
‭Meridian Jewelers‬,525 East Cooper Avenue,Aspen,Colorado,81611,‭MERIDIANJEWELERS‬525EASTCOOPERAVENUECOLORADOASPEN81611
‭Merkley Kendrick Jewelers‬,138 Chenoweth Lane,Louisville,Kentucky,40207,‭MERKLEYKENDRICKJEWELERS‬138CHENOWETHLANEKENTUCKYLOUISVILLE40207
‭Moody's Jewelry‬,7015 South Lewis,Tulsa,Oklahoma,74136,‭MOODY'SJEWELRY‬7015SOUTHLEWISOKLAHOMATULSA74136
‭Moretti's Fine Jewelry‬,14230 San Pedro Avenue,San Antonio,Texas,78232,‭MORETTI'SFINEJEWELRY‬14230SANPEDROAVENUETEXASSANANTONIO78232
‭Morgan's Jewelers‬,22200 Hawthorne Boulevard,Torrance,California,90505,‭MORGAN'SJEWELERS‬22200HAWTHORNEBOULEVARDCALIFORNIATORRANCE90505
‭Morgan's Jewelers‬,50-C Peninsula Center,Rolling Hills Estate,California,90274,‭MORGAN'SJEWELERS‬50-CPENINSULACENTERCALIFORNIAROLLINGHILLSESTATE90274
‭Mountz Jewelers‬,3780 Trindle Road,Camp Hill,Pennsylvania,17011,‭MOUNTZJEWELERS‬3780TRINDLEROADPENNSYLVANIACAMPHILL17011
‭Murphy Jewelers Lehigh Valley (R)‬,948 Lehigh Valley Lifestyle Center,Whitehall,Pennsylvania,18052,‭MURPHYJEWELERSLEHIGHVALLEY(R)‬948LEHIGHVALLEYLIFESTYLECENTERPENNSYLVANIAWHITEHALL18052
‭Murphy Jewelers‬,16 Jetson Drive,Hamburg,Pennsylvania,19526,‭MURPHYJEWELERS‬16JETSONDRIVEPENNSYLVANIAHAMBURG19526
‭N. Fox Jewelers‬,404 Broadway,Saratoga Springs,New York,12866,‭N.FOXJEWELERS‬404BROADWAYNEWYORKSARATOGASPRINGS12866
‭Newtons Jewelers‬,701 Garrison Avenue,Fort Smith,Arkansas,72901,‭NEWTONSJEWELERS‬701GARRISONAVENUEARKANSASFORTSMITH72901
‭O.C. Tanner‬,416 Main Street,Park City,Utah,84060,‭O.C.TANNER‬416MAINSTREETUTAHPARKCITY84060
‭O.C. Tanner‬,15 South State Street,Salt Lake City,Utah,84111,‭O.C.TANNER‬15SOUTHSTATESTREETUTAHSALTLAKECITY84111
‭Orr's Jewelers‬,5857 Forbes Avenue,Pittsburgh,Pennsylvania,15217,‭ORR'SJEWELERS‬5857FORBESAVENUEPENNSYLVANIAPITTSBURGH15217
‭Orr's Jewelers‬,532 Beaver Street,Sewickley,Pennsylvania,15143,‭ORR'SJEWELERS‬532BEAVERSTREETPENNSYLVANIASEWICKLEY15143
‭Packouz Jewelers‬,522 S W Broadway,Portland,Oregon,97205,‭PACKOUZJEWELERS‬522SWBROADWAYOREGONPORTLAND97205
‭Paul Medawar Fine Jewelry‬,4518 Plainfield N,EGrand Rapids,Michigan,49525,‭PAULMEDAWARFINEJEWELRY‬4518PLAINFIELDNMICHIGANEGRANDRAPIDS49525
‭Paul's Jewelry‬,600 Silverstone Road,Lafayette,Louisiana,70508,‭PAUL'SJEWELRY‬600SILVERSTONEROADLOUISIANALAFAYETTE70508
‭Pav & Broome Jewelers‬,1912 25th Avenue,Gulfport,Mississippi,39501,‭PAV&BROOMEJEWELERS‬191225THAVENUEMISSISSIPPIGULFPORT39501
‭Perrywinkle's Fine Jewelry‬,227 Main Street,Burlington,Vermont,05401,‭PERRYWINKLE'SFINEJEWELRY‬227MAINSTREETVERMONTBURLINGTON05401
‭Persin & Robbin Jewelers‬,24 South Dunton Avenue,Arlington Heights,Illinois,60005,‭PERSIN&ROBBINJEWELERS‬24SOUTHDUNTONAVENUEILLINOISARLINGTONHEIGHTS60005
‭Pieter Andries‬,2525 East Southlake Boulevard,Southlake,Texas,76092,‭PIETERANDRIES‬2525EASTSOUTHLAKEBOULEVARDTEXASSOUTHLAKE76092
‭Polacheck's Jewelers‬,4719 Commons Way,Calabasas,California,91302,‭POLACHECK'SJEWELERS‬4719COMMONSWAYCALIFORNIACALABASAS91302
‭Precision Watches & Jewelry‬,2500 Moreland Road,Willow Grove,Pennsylvania,19090,‭PRECISIONWATCHES&JEWELRY‬2500MORELANDROADPENNSYLVANIAWILLOWGROVE19090
‭Providence Diamond Company‬,65 Hillside Road,Cranston,Rhode Island,02920,‭PROVIDENCEDIAMONDCOMPANY‬65HILLSIDEROADRHODEISLANDCRANSTON02920
‭R.C. Wahl Jewelers‬,1514 Miner Street,Des Plaines,Illinois,60016,‭R.C.WAHLJEWELERS‬1514MINERSTREETILLINOISDESPLAINES60016
‭R.F. Moeller Jeweler‬,2065 Ford Parkway,Saint Paul,Minnesota,55116,‭R.F.MOELLERJEWELER‬2065FORDPARKWAYMINNESOTASAINTPAUL55116
‭R.F. Moeller Jeweler‬,5020 France Avenue,Edina,Minnesota,55410,‭R.F.MOELLERJEWELER‬5020FRANCEAVENUEMINNESOTAEDINA55410
‭R.P. Ellis Fine Jewelry‬,228 North Higgins Avenue,Missoula,Montana,59802,‭R.P.ELLISFINEJEWELRY‬228NORTHHIGGINSAVENUEMONTANAMISSOULA59802
‭Radcliffe Jewelers‬,1848 Reisterstown Road,Baltimore,Maryland,21208,‭RADCLIFFEJEWELERS‬1848REISTERSTOWNROADMARYLANDBALTIMORE21208
‭Radcliffe Jewelers‬,800 Kenilworth Drive,Towson,Maryland,21204,‭RADCLIFFEJEWELERS‬800KENILWORTHDRIVEMARYLANDTOWSON21204
‭Randy Cooper's Fine Jewelry‬,1856 North Rock Road,Wichita,Kansas,67206,‭RANDYCOOPER'SFINEJEWELRY‬1856NORTHROCKROADKANSASWICHITA67206
‭Razny Jewelers‬,1501 West Lake Street,Addison,Illinois,60101,‭RAZNYJEWELERS‬1501WESTLAKESTREETILLINOISADDISON60101
‭Razny Jewelers‬,1700 Green Bay Road,Highland Park,Illinois,60035,‭RAZNYJEWELERS‬1700GREENBAYROADILLINOISHIGHLANDPARK60035
‭Razny Jewelers‬,109 East Oak Street,Chicago,Illinois,60611,‭RAZNYJEWELERS‬109EASTOAKSTREETILLINOISCHICAGO60611
‭Reeds Jewelers of Niagara Falls‬,4001 Maple Road,Amherst,New York,14226,‭REEDSJEWELERSOFNIAGARAFALLS‬4001MAPLEROADNEWYORKAMHERST14226
‭Reeds Jewelers‬,926 Inspiration Drive,Wilmington,North Carolina,28405,‭REEDSJEWELERS‬926INSPIRATIONDRIVENORTHCAROLINAWILMINGTON28405
‭Reeds Jewelers‬,5488 South S Padre Dr,Corpus Christi,Texas,78411,‭REEDSJEWELERS‬5488SOUTHSPADREDRTEXASCORPUSCHRISTI78411
‭Reeds Jewelers‬,1239 Belk Drive,Mt. Pleasant,South Carolina,29464,‭REEDSJEWELERS‬1239BELKDRIVESOUTHCAROLINAMT.PLEASANT29464
‭Reis-Nichols Jewelers‬,789 U.S. 31 North,Greenwood,Indiana,46142,‭REIS-NICHOLSJEWELERS‬789U.S.31NORTHINDIANAGREENWOOD46142
‭Reis-Nichols Jewelers‬,3535 East 86th Street,Indianapolis,Indiana,46240,‭REIS-NICHOLSJEWELERS‬3535EAST86THSTREETINDIANAINDIANAPOLIS46240
‭Robert C. Wesley Jewelers‬,7088 East Fifth Avenue,Scottsdale,Arizona,85251,‭ROBERTC.WESLEYJEWELERS‬7088EASTFIFTHAVENUEARIZONASCOTTSDALE85251
‭Rolex Boutique Deutsch & Deutsch‬,5015 Westheimer Road,Houston,Texas,77056,‭ROLEXBOUTIQUEDEUTSCH&DEUTSCH‬5015WESTHEIMERROADTEXASHOUSTON77056
‭Rolex Boutique Fourtané‬,7007 Friars Road,San Diego,California,92108,‭ROLEXBOUTIQUEFOURTANÉ‬7007FRIARSROADCALIFORNIASANDIEGO92108
‭Rolex Boutique Gearys‬,395 Santa Monica Place,Santa Monica,California,90401,‭ROLEXBOUTIQUEGEARYS‬395SANTAMONICAPLACECALIFORNIASANTAMONICA90401
‭Rolex Boutique Gearys‬,360 North Rodeo Drive,Beverly Hills,California,90210,‭ROLEXBOUTIQUEGEARYS‬360NORTHRODEODRIVECALIFORNIABEVERLYHILLS90210
‭Rolex Boutique Gearys‬,10250 Santa Monica Boulevard,Los Angeles,California,90067,‭ROLEXBOUTIQUEGEARYS‬10250SANTAMONICABOULEVARDCALIFORNIALOSANGELES90067
‭Rolex Boutique J. Licht & Sons‬,2855 Stevens Creek Boulevard,Santa Clara,California,95050,‭ROLEXBOUTIQUEJ.LICHT&SONS‬2855STEVENSCREEKBOULEVARDCALIFORNIASANTACLARA95050
‭Rolex Boutique LV Luxury‬,3720 Las Vegas Boulevard South,Las Vegas,Nevada,89158,‭ROLEXBOUTIQUELVLUXURY‬3720LASVEGASBOULEVARDSOUTHNEVADALASVEGAS89158
‭Rolex Boutique Long's‬,8 Newbury Street,Boston,Massachusetts,02116,‭ROLEXBOUTIQUELONG'S‬8NEWBURYSTREETMASSACHUSETTSBOSTON02116
‭Rolex Boutique Luxury Swiss‬,135 N.E. 39th Street,Miami,Florida,33137,‭ROLEXBOUTIQUELUXURYSWISS‬135N.E.39THSTREETFLORIDAMIAMI33137
‭Rolex Boutique Mayors‬,4200 Conroy Road,Orlando,Florida,32839,‭ROLEXBOUTIQUEMAYORS‬4200CONROYROADFLORIDAORLANDO32839
‭Rolex Boutique Tourneau Forum Shops‬,3500 Las Vegas Boulevard South,BLas Vegas,Nevada,89109,‭ROLEXBOUTIQUETOURNEAUFORUMSHOPS‬3500LASVEGASBOULEVARDSOUTHNEVADABLASVEGAS89109
‭Rolex Boutique Tourneau‬,2330 Kalakaua Avenue,Honolulu,Hawaii,96815,‭ROLEXBOUTIQUETOURNEAU‬2330KALAKAUAAVENUEHAWAIIHONOLULU96815
‭Rolex Boutique Tourneau‬,845 Market Street,San Francisco,California,94103,‭ROLEXBOUTIQUETOURNEAU‬845MARKETSTREETCALIFORNIASANFRANCISCO94103
‭Rolex Boutique Tourneau‬,636 North Michigan Avenue,Chicago,Illinois,60611,‭ROLEXBOUTIQUETOURNEAU‬636NORTHMICHIGANAVENUEILLINOISCHICAGO60611
‭Rolex Boutique Tourneau‬,3333 Bristol Street,Costa Mesa,California,92626,‭ROLEXBOUTIQUETOURNEAU‬3333BRISTOLSTREETCALIFORNIACOSTAMESA92626
‭Rolex Boutique Tourneau‬,9700 Collins Avenue,Bal Harbour,Florida,33154,‭ROLEXBOUTIQUETOURNEAU‬9700COLLINSAVENUEFLORIDABALHARBOUR33154
‭Rolex Boutique Tourneau‬,29-35 9th Ave,New York,New York,10014,‭ROLEXBOUTIQUETOURNEAU‬29-359THAVENEWYORKNEWYORK10014
‭Rolex Boutique Watches of Switzerland‬,3131 Las Vegas Boulevard South,Las Vegas,Nevada,89109,‭ROLEXBOUTIQUEWATCHESOFSWITZERLAND‬3131LASVEGASBOULEVARDSOUTHNEVADALASVEGAS89109
‭Rolex Boutique Wempe‬,665 Fifth Avenue,New York,New York,10022,‭ROLEXBOUTIQUEWEMPE‬665FIFTHAVENUENEWYORKNEWYORK10022
‭Roman Jewelers‬,500 Commons Way,Bridgewater,New Jersey,08807,‭ROMANJEWELERS‬500COMMONSWAYNEWJERSEYBRIDGEWATER08807
‭Rottermond Jewelers‬,102 East Main Street,Brighton,Michigan,48116,‭ROTTERMONDJEWELERS‬102EASTMAINSTREETMICHIGANBRIGHTON48116
‭Rummele's Jewelers‬,234 South Adams Street,Green Bay,Wisconsin,54305,‭RUMMELE'SJEWELERS‬234SOUTHADAMSSTREETWISCONSINGREENBAY54305
‭Saint Cross Diamond Company‬,928 South Western Avenue,Los Angeles,California,90006,‭SAINTCROSSDIAMONDCOMPANY‬928SOUTHWESTERNAVENUECALIFORNIALOSANGELES90006
‭Schiffman's Jewelers‬,137 South Stratford Road,Winston-Salem,North Carolina,27104,‭SCHIFFMAN'SJEWELERS‬137SOUTHSTRATFORDROADNORTHCAROLINAWINSTON-SALEM27104
‭Schiffman's Jewelers‬,3116 Northline Avenue,Greensboro,North Carolina,27408,‭SCHIFFMAN'SJEWELERS‬3116NORTHLINEAVENUENORTHCAROLINAGREENSBORO27408
‭Schwanke-Kasten Jewelers‬,417 East Silver Spring Drive,Milwaukee,Wisconsin,53217,‭SCHWANKE-KASTENJEWELERS‬417EASTSILVERSPRINGDRIVEWISCONSINMILWAUKEE53217
‭Sheiban Jewelers‬,16938 Pearl Road,Cleveland,Ohio,44136,‭SHEIBANJEWELERS‬16938PEARLROADOHIOCLEVELAND44136
‭Shreve & Co.‬,150 Post Street,San Francisco,California,94108,‭SHREVE&CO.‬150POSTSTREETCALIFORNIASANFRANCISCO94108
‭Shreve & Co.‬,329 El Camino Real & Quarry Road,Palo Alto,California,94304,‭SHREVE&CO.‬329ELCAMINOREAL&QUARRYROADCALIFORNIAPALOALTO94304
‭Sidney Thomas Jewelers‬,112 Christiana Mall,Newark,Delaware,19702,‭SIDNEYTHOMASJEWELERS‬112CHRISTIANAMALLDELAWARENEWARK19702
‭Simons Jewelers‬,8141 Maryland Avenue,Clayton,Missouri,63105,‭SIMONSJEWELERS‬8141MARYLANDAVENUEMISSOURICLAYTON63105
‭Sissy's Log Cabin‬,404 South Grove Park Road,Memphis,Tennessee,38117,‭SISSY'SLOGCABIN‬404SOUTHGROVEPARKROADTENNESSEEMEMPHIS38117
‭Sissy's Log Cabin‬,2900 Parkwood Road,Jonesboro,Arkansas,72401,‭SISSY'SLOGCABIN‬2900PARKWOODROADARKANSASJONESBORO72401
‭Sissy's Log Cabin‬,1825 North Grant Street,Little Rock,Arkansas,72207,‭SISSY'SLOGCABIN‬1825NORTHGRANTSTREETARKANSASLITTLEROCK72207
‭Skeies Jewelers‬,10 Oakway Center,Eugene,Oregon,97401,‭SKEIESJEWELERS‬10OAKWAYCENTEROREGONEUGENE97401
‭Springer's Jewelers‬,580 Congress Street,Portland,Maine,04101,‭SPRINGER'SJEWELERS‬580CONGRESSSTREETMAINEPORTLAND04101
‭Springer's Jewelers‬,100 Market Street,Portsmouth,New Hampshire,03801,‭SPRINGER'SJEWELERS‬100MARKETSTREETNEWHAMPSHIREPORTSMOUTH03801
‭Susan Robinson Jewelry‬,6009 South Broadway,Tyler,Texas,75703,‭SUSANROBINSONJEWELRY‬6009SOUTHBROADWAYTEXASTYLER75703
‭Swiss Watch Gallery‬,1014 A Brea Mall,Brea,California,92821,‭SWISSWATCHGALLERY‬1014ABREAMALLCALIFORNIABREA92821
‭Sylvan’s Jewelers‬,1500 Main Street,Columbia,South Carolina,29201,‭SYLVAN’SJEWELERS‬1500MAINSTREETSOUTHCAROLINACOLUMBIA29201
‭T-Bird Jewels‬,1990 Village Center Circle,Las Vegas,Nevada,89134,‭T-BIRDJEWELS‬1990VILLAGECENTERCIRCLENEVADALASVEGAS89134
‭Tapper's Jewelry‬,2800 West Big Beaver Road,Troy,Michigan,48084,‭TAPPER'SJEWELRY‬2800WESTBIGBEAVERROADMICHIGANTROY48084
‭Tapper's Jewelry‬,6337 Orchard Lake Road,West Bloomfield,Michigan,48322,‭TAPPER'SJEWELRY‬6337ORCHARDLAKEROADMICHIGANWESTBLOOMFIELD48322
‭Tapper's Jewelry‬,27716 Novi Road,Novi,Michigan,48377,‭TAPPER'SJEWELRY‬27716NOVIROADMICHIGANNOVI48377
‭Tara Fine Jewelry‬,1829 Buford Highway,Buford,Georgia,30518,‭TARAFINEJEWELRY‬1829BUFORDHIGHWAYGEORGIABUFORD30518
‭Tesorini‬,3600 Las Vegas Boulevard South,Las Vegas,Nevada,89109,‭TESORINI‬3600LASVEGASBOULEVARDSOUTHNEVADALASVEGAS89109
‭The Diamond Cellar‬,6280 Sawmill Road,Dublin,Ohio,43017,‭THEDIAMONDCELLAR‬6280SAWMILLROADOHIODUBLIN43017
‭The Diamond Cellar‬,3805 Green Hills Village Drive,Nashville,Tennessee,37215,‭THEDIAMONDCELLAR‬3805GREENHILLSVILLAGEDRIVETENNESSEENASHVILLE37215
‭The Diamond Cellar‬,3960 New Bond Street,Columbus,Ohio,43219,‭THEDIAMONDCELLAR‬3960NEWBONDSTREETOHIOCOLUMBUS43219
‭The Richter & Phillips Company‬,601 Main Street,Cincinnati,Ohio,45202,‭THERICHTER&PHILLIPSCOMPANY‬601MAINSTREETOHIOCINCINNATI45202
‭Thom Duma Fine Jewelers‬,115 West Market Street,Warren,Ohio,44481,‭THOMDUMAFINEJEWELERS‬115WESTMARKETSTREETOHIOWARREN44481
‭Thomas Markle Jewelers‬,947 North Gessner Road,Houston,Texas,77024,‭THOMASMARKLEJEWELERS‬947NORTHGESSNERROADTEXASHOUSTON77024
‭Thomas Markle Jewelers‬,9595 Six Pines Drive,The Woodlands,Texas,77380,‭THOMASMARKLEJEWELERS‬9595SIXPINESDRIVETEXASTHEWOODLANDS77380
‭Tiny Jewel Box‬,1155 Connecticut Avenue N,D.C. District of,Columbia,20036,‭TINYJEWELBOX‬1155CONNECTICUTAVENUENCOLUMBIAD.C.DISTRICTOF20036
‭Tivol‬,220 Nichols Road,Kansas City,Missouri,64112,‭TIVOL‬220NICHOLSROADMISSOURIKANSASCITY64112
‭Tivol‬,4721 West 119th Street,Overland Park,Kansas,66209,‭TIVOL‬4721WEST119THSTREETKANSASOVERLANDPARK66209
‭Tom Cook Jeweler‬,150 South Beach Street,Daytona Beach,Florida,32114,‭TOMCOOKJEWELER‬150SOUTHBEACHSTREETFLORIDADAYTONABEACH32114
‭Tourneau Time Dome‬,3500 Las Vegas Blvd South,Las Vegas,Nevada,89109,‭TOURNEAUTIMEDOME‬3500LASVEGASBLVDSOUTHNEVADALASVEGAS89109
‭Tourneau Time Machine‬,601 Madison Avenue,New York,New York,10022,‭TOURNEAUTIMEMACHINE‬601MADISONAVENUENEWYORKNEWYORK10022
‭Tourneau‬,3750 Wailea Alanui Drive,Wailea,Hawaii,96753,‭TOURNEAU‬3750WAILEAALANUIDRIVEHAWAIIWAILEA96753
‭Tourneau‬,1095 6th Avenue,New York,New York,10036,‭TOURNEAU‬10956THAVENUENEWYORKNEWYORK10036
‭Tourneau‬,9700 Collins Avenue,Bal Harbour,Florida,33154,‭TOURNEAU‬9700COLLINSAVENUEFLORIDABALHARBOUR33154
‭Tourneau‬,125 Westchester Avenue,AWhite Plains,New York,10601,‭TOURNEAU‬125WESTCHESTERAVENUENEWYORKAWHITEPLAINS10601
‭Tourneau‬,175 Worth Avenue,Palm Beach,Florida,33480,‭TOURNEAU‬175WORTHAVENUEFLORIDAPALMBEACH33480
‭Tourneau‬,160 North Gulph Road,King of Prussia,Pennsylvania,19406,‭TOURNEAU‬160NORTHGULPHROADPENNSYLVANIAKINGOFPRUSSIA19406
‭Tourneau‬,100 Huntington Avenue,Boston,Massachusetts,02116,‭TOURNEAU‬100HUNTINGTONAVENUEMASSACHUSETTSBOSTON02116
‭Tourneau‬,630 Old Country Road,Garden City,New York,11530,‭TOURNEAU‬630OLDCOUNTRYROADNEWYORKGARDENCITY11530
‭Tourneau‬,5495 Tamiami Trail North,Naples,Florida,34108,‭TOURNEAU‬5495TAMIAMITRAILNORTHFLORIDANAPLES34108
‭Tourneau‬,1100 South Hayes St,Arlington,Virginia,22202,‭TOURNEAU‬1100SOUTHHAYESSTVIRGINIAARLINGTON22202
‭Tourneau‬,160 Walt Whitman Road,Huntington Station,New York,11746,‭TOURNEAU‬160WALTWHITMANROADNEWYORKHUNTINGTONSTATION11746
‭Tourneau‬,2435 Kaanapali Parkway,Lahaina,Hawaii,96761,‭TOURNEAU‬2435KAANAPALIPARKWAYHAWAIILAHAINA96761
‭Tourneau‬,510 Madison Avenue,New York,New York,10022,‭TOURNEAU‬510MADISONAVENUENEWYORKNEWYORK10022
‭Treiber & Straub‬,14740 West Capitol Drive,Brookfield,Wisconsin,53005,‭TREIBER&STRAUB‬14740WESTCAPITOLDRIVEWISCONSINBROOKFIELD53005
‭Underwood Jewelers‬,330 A1,Ponte Vedra Beach,Florida,32082,‭UNDERWOODJEWELERS‬330A1FLORIDAPONTEVEDRABEACH32082
‭Underwood Jewelers‬,2044 San Marco Boulevard,Jacksonville,Florida,32207,‭UNDERWOODJEWELERS‬2044SANMARCOBOULEVARDFLORIDAJACKSONVILLE32207
"‭Vanscoy, Maurer & Bash Diamond Jewelers‬",830 Plaza Boulevard,Lancaster,Pennsylvania,17601,"‭VANSCOY,MAURER&BASHDIAMONDJEWELERS‬830PLAZABOULEVARDPENNSYLVANIALANCASTER17601"
‭Walters & Hogsett Jewelers‬,2425 Canyon Boulevard,Boulder,Colorado,80302,‭WALTERS&HOGSETTJEWELERS‬2425CANYONBOULEVARDCOLORADOBOULDER80302
‭Watches of Switzerland‬,60 Greene Street,New York,New York,10012,‭WATCHESOFSWITZERLAND‬60GREENESTREETNEWYORKNEWYORK10012
‭Watches of Switzerland‬,20 Hudson Yards,ANew York,New York,10001,‭WATCHESOFSWITZERLAND‬20HUDSONYARDSNEWYORKANEWYORK10001
‭Wempe Jewelers‬,700 Fifth Avenue,New York,New York,10019,‭WEMPEJEWELERS‬700FIFTHAVENUENEWYORKNEWYORK10019
‭Weston Jewelers‬,1728 Main Street,Weston,Florida,33326,‭WESTONJEWELERS‬1728MAINSTREETFLORIDAWESTON33326
‭Wickersham Company‬,7784 North Blackstone,Fresno,California,93720,‭WICKERSHAMCOMPANY‬7784NORTHBLACKSTONECALIFORNIAFRESNO93720
‭Wickersham Company‬,6521 Truxtun Avenue,Bakersfield,California,93309,‭WICKERSHAMCOMPANY‬6521TRUXTUNAVENUECALIFORNIABAKERSFIELD93309
‭William Barthman Jewelers‬,20 Broad Street,New York,New York,10005,‭WILLIAMBARTHMANJEWELERS‬20BROADSTREETNEWYORKNEWYORK10005
‭William Barthman Jewelers‬,1118 Kings Highway,Brooklyn,New York,11229,‭WILLIAMBARTHMANJEWELERS‬1118KINGSHIGHWAYNEWYORKBROOKLYN11229
‭Williams Jewelers of Englewood‬,5095 South Broadway,Englewood,Colorado,80113,‭WILLIAMSJEWELERSOFENGLEWOOD‬5095SOUTHBROADWAYCOLORADOENGLEWOOD80113
‭Wilson & Son Jewelers‬,18 Chase Road,Scarsdale,New York,10583,‭WILSON&SONJEWELERS‬18CHASEROADNEWYORKSCARSDALE10583
‭Windsor Fine Jewelers‬,2635 Washington Road,Augusta,Georgia,30904,‭WINDSORFINEJEWELERS‬2635WASHINGTONROADGEORGIAAUGUSTA30904
‭Windsor Jewelers‬,6809,Charlotte,North Carolina,28210,‭WINDSORJEWELERS‬6809NORTHCAROLINACHARLOTTE28210
‭Wixon Jewelers‬,9955 Lyndale Avenue South,Bloomington,Minnesota,55420,‭WIXONJEWELERS‬9955LYNDALEAVENUESOUTHMINNESOTABLOOMINGTON55420
